phyto_class,Diatom,Diatom,Dinoflagellate,Dinoflagellate,Haptophyte,Haptophyte,Chlorophyte,Cryptophyte,Cryptophyte,Cyanophyte,Cyanophyte,NAP,CDOM
phyto_taxa,Skel,Sthal,Alex,Cerat,Luth,Parv,Dun,Rsal,Cfrag,Syma,Syn,BrnEarth,CDOM
wavelength,,,,,,,,,,,,,
400,,,,,,,,,,,,0.006065573770491791,0.017424882101953726
401,,,,,,,,,,,,0.006116352101749578,0.017488717718392072
402,,,,,,,,,,,,0.006167130433007364,0.017552553334830415
403,,,,,,,,,,,,0.006217908764265151,0.017616388951268762
404,,,,,,,,,,,,0.006268687095522937,0.01768022456770711
405,,,,,,,,,,,,0.00631946542678072,0.01774265855735774
406,,,,,,,,,,,,0.006370243758038506,0.01780420830787139
407,,,,,,,,,,,,0.006421022089296293,0.017865758058385035
408,,,,,,,,,,,,0.006471800420554079,0.017927307808898684
409,,,,,,,,,,,,0.006522578751811866,0.017988857559412333
410,3.69567918667043e-05,0.0002514235,0.0002237035,4.134785e-05,0.0004739285,0.000390718,4.75553640672124e-06,0.000163305,0.0017425499561403357,0.0004108625,9.88038262982083e-07,0.006573357083069652,0.01805040730992598
411,3.69157723806834e-05,0.000250562,0.0002229615,4.14548e-05,0.000472968,0.0003891885,4.74541146057734e-06,0.000162339,0.001730773394736828,0.0004081125,9.68135438809596e-07,0.006624135414327438,0.01811195706043963
412,3.68629624399887e-05,0.0002494925,0.0002220135,4.16042e-05,0.0004717515,0.000387259,4.73235674278328e-06,0.000161149,0.0017189968333333203,0.0004046925,9.42997266929851e-07,0.006697522778659336,0.01817350681095328
413,3.67981502400452e-05,0.0002482245,0.0002208605,4.17987e-05,0.0004702835,0.000384936,4.71628608358466e-06,0.000159749,0.0017072202719298126,0.0004006385,9.12717886425752e-07,0.006780577344055551,0.018235056561466928
414,3.67207709686529e-05,0.0002467765,0.0002195195,4.20477e-05,0.000468576,0.00038224,4.69765187419216e-06,0.000158153,0.0016954437105263058,0.000395984,8.77604008502885e-07,0.006863631909451766,0.018296606311980577
415,3.66294831968371e-05,0.000245193,0.00021803,4.23748e-05,0.0004666565,0.000379209,4.67757432141319e-06,0.0001563895,0.0016836671491227981,0.0003907875,8.38234740358336e-07,0.006946686474847988,0.018358156062494226
416,3.65238633154476e-05,0.0002435015,0.0002164155,4.279535e-05,0.000464542,0.0003758675,4.65674278328307e-06,0.000154476,0.0016718905877192904,0.0003850855,7.94979957485575e-07,0.007029741040244203,0.01841970581300787
417,3.64041937305846e-05,0.0002417025,0.000214677,4.331105e-05,0.000462233,0.000372221,4.63517880224041e-06,0.000152414,0.0016601140263157836,0.000378887,7.47913452778621e-07,0.007112795605640418,0.018494928351978187
418,3.62771109855973e-05,0.000239889,0.0002129235,4.38835e-05,0.0004598865,0.000368511,4.6138087031452e-06,0.000150345,0.00165034483333333,0.0003726695,6.9939447312481e-07,0.00719585017103664,0.018578261685311525
419,3.61493222253601e-05,0.0002381505,0.0002112625,4.44709e-05,0.0004576605,0.000364977,4.59349418354158e-06,0.000148408,0.0016437638137254853,0.000366903,6.5164895232311e-07,0.007278904736432855,0.01866159501864487
420,3.60208274498729e-05,0.0002364815,0.000209693,4.50707e-05,0.000455556,0.0003616175,4.57414907367514e-06,0.0001465985,0.0016371827941176406,0.000361578,6.0454023686608e-07,0.00736195930182907,0.018744928351978215
421,3.58926856820107e-05,0.000234866,0.0002082145,4.568135e-05,0.0004535685,0.000358435,4.55601034037053e-06,0.0001448935,0.0016306017745097963,0.0003566545,5.58143638020043e-07,0.007445013867225285,0.01882826168531156
422,3.57668031629483e-05,0.000233243,0.0002068185,4.6311e-05,0.000451687,0.0003554445,4.53961654459285e-06,0.000143241,0.0016240207549019516,0.0003521205,5.1357151533556e-07,0.007528068432621507,0.018911595018644905
423,3.56434622987857e-05,0.000231567,0.0002054965,4.696955e-05,0.0004499025,0.000352655,4.52520465316674e-06,0.0001416095,0.0016174397352941069,0.000347989,4.71773762526572e-07,0.007611122998017722,0.018994928351978243
424,3.55225924879978e-05,0.000229823,0.0002042325,4.76485e-05,0.0004482025,0.000350049,4.51227919000431e-06,0.0001399885,0.0016108587156862622,0.0003442285,4.32451260249013e-07,0.007694177563413937,0.019078261685311588
425,3.54058175656594e-05,0.0002279725,0.000202976,4.832185e-05,0.0004465655,0.000347597,4.49991383024558e-06,0.000138352,0.001603539692982439,0.0003407875,3.95152748253872e-07,0.007785050561737165,0.019161595018644933
426,3.52956085851454e-05,0.0002260035,0.0002016455,4.89579e-05,0.0004449965,0.00034531,4.48843171046963e-06,0.0001366835,0.0015917631315789322,0.000337654,3.60093531733981e-07,0.007877084794785216,0.019244928351978278
427,3.51930245693307e-05,0.0002239285,0.000200196,4.95415e-05,0.0004435115,0.000343211,4.47860835846618e-06,0.0001349825,0.0015799865701754245,0.0003348395,3.27658062556939e-07,0.007969119027833267,0.01932435054389462
428,3.50961592770404e-05,0.000221781,0.0001986275,5.009495e-05,0.00044209,0.0003412675,4.47070228349849e-06,0.0001332535,0.0015682100087719168,0.000332278,2.98290920133617e-07,0.008061153260881318,0.019402743067259094
429,3.50046597006495e-05,0.0002196115,0.000196961,5.064775e-05,0.000440725,0.000339459,4.46525204653167e-06,0.000131513,0.00155643344736841,0.0003299135,2.72660188278166e-07,0.008153187493929376,0.019481135590623568
430,3.49224795255578e-05,0.000217474,0.0001952695,5.12155e-05,0.000439468,0.000337824,4.46279620853081e-06,0.0001298005,0.0015446568859649023,0.0003277815,2.51240813847555e-07,0.008245221726977427,0.01955952811398804
431,3.48488421349901e-05,0.0002154065,0.0001936025,5.180565e-05,0.0004383555,0.0003363835,4.4632701421801e-06,0.000128145,0.0015328803245613946,0.0003259045,2.3405891284543e-07,0.008337255960025478,0.019637920637352514
432,3.4779935046597e-05,0.00021345,0.000191968,5.240485e-05,0.0004373895,0.000335116,4.46613528651443e-06,0.000126568,0.0015211037631578878,0.0003242275,2.19805344670513e-07,0.008429290193073528,0.019716313160716988
433,3.47238068342276e-05,0.0002117145,0.0001903965,5.302735e-05,0.0004366445,0.0003340565,4.47221025420078e-06,0.000125123,0.0015098625,0.000322754,2.08551169146675e-07,0.00852132442612158,0.01979470568408146
434,3.46938011861056e-05,0.0002103195,0.0001889245,5.371755e-05,0.0004362385,0.000333285,4.48306764325722e-06,0.0001238665,0.0015098625,0.0003215695,2.02146674764652e-07,0.008613358659169637,0.019873098207445934
435,3.46933775769557e-05,0.000209309,0.0001875775,5.44989e-05,0.0004362145,0.0003328245,4.49900904782421e-06,0.0001228205,0.0015098625,0.000320703,2.01187670816884e-07,0.008705331534649096,0.019951490730810408
436,3.47209827732279e-05,0.000208681,0.0001864205,5.53959e-05,0.0004365635,0.0003326475,4.51908660060319e-06,0.0001219925,0.0015098625,0.0003201395,2.05307622228971e-07,0.008797030997976473,0.02003131128277236
437,3.47841711380966e-05,0.000208551,0.0001855675,5.646495e-05,0.0004373735,0.000332812,4.54325721671693e-06,0.000121463,0.0015098625,0.000319957,2.16000303674461e-07,0.008888730461303843,0.020113449943171897
438,3.48916266591358e-05,0.000209036,0.0001850785,5.774795e-05,0.0004387415,0.0003333975,4.5723395088324e-06,0.000121305,0.0015098625,0.000320246,2.35134527786213e-07,0.008980429924631213,0.020195588603571433
439,3.50425727195708e-05,0.0002101275,0.00018493,5.92513e-05,0.0004406605,0.0003343925,4.60626884963378e-06,0.000121508,0.0015098625,0.0003209965,2.62803826298208e-07,0.00907212938795859,0.020313678432530853
440,3.52322084157018e-05,0.0002117915,0.0001850505,6.097165e-05,0.00044309,0.000335756,4.64463593278759e-06,0.0001220395,0.0015190002083333458,0.0003221885,2.98884907379289e-07,0.00916382885128596,0.020488603357455816
441,3.5460463146004e-05,0.0002140445,0.000185399,6.290585e-05,0.00044603,0.000337474,4.68808703145196e-06,0.0001228985,0.001532984875000011,0.000323903,3.44116307318554e-07,0.009255528314613331,0.02066352828238078
442,3.57310081897769e-05,0.0002169335,0.000185982,6.50611e-05,0.0004495155,0.0003395625,4.73752692804826e-06,0.0001241085,0.0015469695416666764,0.0003262365,3.99528697236562e-07,0.009347227777940701,0.020838453207305756
443,3.60369245975713e-05,0.000220402,0.000186778,6.74232e-05,0.0004534875,0.0003419755,4.79220163722533e-06,0.00012564,0.0015609542083333426,0.000329153,4.64439113270574e-07,0.009438927241268078,0.02101337813223072
444,3.63669161253883e-05,0.000224341,0.0001877505,6.99596e-05,0.000457838,0.00034463,4.85084015510556e-06,0.000127436,0.0015776801875000118,0.000332582,5.37457333738233e-07,0.009530626704595448,0.02114250337512063
445,3.6719994351878e-05,0.0002286865,0.0001888725,7.265685e-05,0.000462513,0.0003474465,4.9133132270573e-06,0.000129445,0.0015986571875000136,0.0003365055,6.18351655025812e-07,0.009621197343847282,0.02125215043394415
446,3.70981361197402e-05,0.0002334145,0.0001901255,7.551535e-05,0.0004674965,0.000350371,4.97987936234382e-06,0.0001316335,0.0016196341875000155,0.000340932,7.07416641360462e-07,0.009709678356505505,0.021361797492767676
447,3.74914572154759e-05,0.000238412,0.000191441,7.85066e-05,0.000472693,0.0003533165,5.04978457561396e-06,0.000133923,0.0016406111875000157,0.000345784,8.03155784998482e-07,0.009798159369163735,0.021471444551591196
448,3.7889720417961e-05,0.000243558,0.000192744,8.159435e-05,0.0004780015,0.000356195,5.12201637225334e-06,0.0001362275,0.0016615881875000175,0.000350964,9.03854236258731e-07,0.009886640381821965,0.021581091610414722
449,3.8290454673821e-05,0.0002487725,0.0001939785,8.4735e-05,0.0004833575,0.000358961,5.19556225764757e-06,0.0001384725,0.0016791209743589816,0.0003563465,1.00814303067112e-06,0.009975121394480188,0.02169073866923825
450,3.86937305845806e-05,0.00025398,0.0001950995,8.789155e-05,0.000488703,0.0003615795,5.26971133132271e-06,0.0001405915,0.001687726923076928,0.000361807,1.11480504099605e-06,0.010063602407138418,0.021822925585126107
451,3.91027958203897e-05,0.0002591395,0.000196098,9.106845e-05,0.000494009,0.000364044,5.3441404566997e-06,0.0001425575,0.0016963328717948746,0.0003672435,1.22334952930459e-06,0.010152083419796641,0.021963827179408674
452,3.95195566224231e-05,0.0002642125,0.00019697,9.42641e-05,0.0004992585,0.000366351,5.41841878500646e-06,0.000144339,0.0017049388205128213,0.000372558,1.33317643486183e-06,0.010240564432454871,0.02210472877369124
453,3.99440835922056e-05,0.00026918,0.0001977215,9.74474e-05,0.0005044865,0.000368522,5.49181387333046e-06,0.0001458925,0.0017135447692307676,0.0003776825,1.44347099908898e-06,0.010329045445113101,0.022245630367973793
454,4.03759531205874e-05,0.0002740295,0.0001983565,0.00010059155,0.000509722,0.0003705785,5.56363636363636e-06,0.0001471855,0.0017221507179487144,0.0003825585,1.55348921955664e-06,0.010417526457771324,0.02238653196225636
455,4.08131177633437e-05,0.000278786,0.0001988875,0.00010369795,0.00051498,0.0003725695,5.63358466178371e-06,0.000148245,0.001727843194444437,0.0003871755,1.66307014880049e-06,0.010506007470429554,0.02252743355653891
456,4.12535300762497e-05,0.0002834635,0.0001993235,0.0001067576,0.000520274,0.000374555,5.7010555794916e-06,0.0001490995,0.0017325047499999922,0.0003914945,1.77139993926511e-06,0.01059171699741155,0.022657282558156966
457,4.16981078791302e-05,0.000288033,0.000199656,0.0001097345,0.00052561,0.000376583,5.76499353726842e-06,0.0001497565,0.0017371663055555469,0.0003954055,1.87616155481324e-06,0.010668361734253659,0.02276386993235642
458,4.21488986162101e-05,0.0002924885,0.0001998915,0.00011260915,0.000531007,0.0003786975,5.82490305902628e-06,0.000150233,0.001741827861111102,0.000398851,1.97588824779836e-06,0.010745006471095768,0.022870457306555868
459,4.26082321378142e-05,0.0002969105,0.000200084,0.000115421,0.000536532,0.000380946,5.88171046962516e-06,0.0001505995,0.0017464894166666566,0.000401953,2.07185848770118e-06,0.010821651207937884,0.022977044680755322
460,4.30774498729173e-05,0.000301366,0.000200276,0.0001182035,0.000542238,0.000383364,5.93608358466179e-06,0.0001509145,0.0017540644444444353,0.0004048115,2.16510476768904e-06,0.010898295944779993,0.02308363205495477
461,4.35634001694437e-05,0.000305939,0.000200527,0.000120948,0.000548229,0.000386055,5.98739767341663e-06,0.0001512495,0.001763387555555549,0.0004075235,2.25530519283328e-06,0.010974940681622102,0.023190219429154224
462,4.40748376164925e-05,0.000310732,0.000200902,0.0001236505,0.000554619,0.0003891345,6.0351141749246e-06,0.000151693,0.0017727106666666627,0.0004102135,2.34228059520194e-06,0.01105158541846421,0.02329680680335367
463,4.46151510872635e-05,0.000315778,0.0002014,0.000126336,0.0005613935,0.0003926015,6.07994398965963e-06,0.000152293,0.0017820337777777772,0.000412956,2.42667476465229e-06,0.01112823015530632,0.023403394177553126
464,4.51866704320813e-05,0.0003210975,0.000202016,0.000129026,0.000568537,0.0003964495,6.12251184834123e-06,0.000153082,0.001791356888888891,0.0004158035,2.50902520498026e-06,0.011204874892148435,0.02351844473333222
465,4.57906664783959e-05,0.00032673,0.000202757,0.000131745,0.000576029,0.0004007305,6.16242998707454e-06,0.000154137,0.0018030637500000063,0.0004188015,2.58914363802004e-06,0.011281519628990544,0.023638424136009875
466,4.64286924597571e-05,0.000332726,0.0002036335,0.000134528,0.000583849,0.0004054835,6.19965532098234e-06,0.000155535,0.0018170484166666742,0.0004220255,2.66745824476162e-06,0.011358164365832653,0.023758403538687536
467,4.71015249929399e-05,0.0003391275,0.000204654,0.0001374065,0.000592005,0.0004106735,6.235092632486e-06,0.0001572745,0.0018310330833333412,0.00042558,2.7459307622229e-06,0.011433213052539935,0.023878382941365198
468,4.7809799491669e-05,0.000345971,0.0002058235,0.0001404055,0.0006005015,0.000416279,6.26934510986644e-06,0.000159359,0.0018450177500000092,0.000429545,2.82599757060431e-06,0.011506900592071878,0.023998362344042852
469,4.85452555775205e-05,0.00035314,0.0002072145,0.000143558,0.0006092055,0.0004222935,6.30232658336924e-06,0.0001618605,0.001859002416666677,0.000433857,2.90684178560583e-06,0.011580588131603814,0.024118341746720513
470,4.92987856537701e-05,0.0003605105,0.0002089025,0.000146899,0.00061798,0.0004287095,6.33392934080138e-06,0.000164855,0.0018774367500000166,0.0004384485,2.98760097175827e-06,0.011654275671135757,0.024238321149398175
471,5.0060081897769e-05,0.000368003,0.000210835,0.0001504435,0.0006267235,0.0004354285,6.36428263679449e-06,0.0001682915,0.0019026091500000137,0.0004432215,3.06815669602186e-06,0.011727963210667693,0.024381919129690094
472,5.08175656594183e-05,0.000375524,0.0002129505,0.0001542075,0.000635317,0.00044234,6.3936018957346e-06,0.000172111,0.001927781550000009,0.000448063,3.14840570907987e-06,0.011801650750199635,0.024531415005033808
473,5.15649534029935e-05,0.000382899,0.0002152435,0.000158122,0.0006435615,0.00044934,6.42229642395519e-06,0.000176258,0.0019529539500000043,0.0004529065,3.22780443364713e-06,0.011875338289731571,0.024680910880377535
474,5.22962439988704e-05,0.0003899145,0.0002177145,0.000162092,0.0006512175,0.0004563065,6.45090478242137e-06,0.0001806635,0.0019803318369565302,0.0004576805,3.30568782265412e-06,0.011949025829263514,0.02483040675572125
475,5.30106608302739e-05,0.000396485,0.0002203635,0.0001660725,0.0006582495,0.000463173,6.48000861697544e-06,0.000185247,0.0020216778079710264,0.000462324,3.38194351655026e-06,0.01202271336879545,0.024979902631064976
476,5.37078508895792e-05,0.0004025615,0.000223189,0.000170037,0.000664673,0.0004698955,6.50999569151228e-06,0.000189942,0.0020630237789855226,0.0004667885,3.45656240510173e-06,0.012096400908327393,0.02512939850640869
477,5.43816012425868e-05,0.0004080575,0.000226197,0.0001739925,0.000670373,0.000476455,6.54142610943559e-06,0.0001947055,0.0021043697500000187,0.000471041,3.52919829942302e-06,0.012170088447859329,0.025278894381752404
478,5.50189918102231e-05,0.000412792,0.000229401,0.0001779585,0.00067509,0.0004828125,6.57580784144765e-06,0.0001994175,0.002145715721014515,0.000475008,3.59916489523231e-06,0.012248207186358773,0.025428076455007567
479,5.56226348489127e-05,0.000416781,0.0002327425,0.00018192,0.000678805,0.0004889595,6.61428263679449e-06,0.0002039385,0.0021884199385965135,0.000478718,3.66691770422108e-06,0.01233254413930382,0.025575043946516537
480,5.62025557752048e-05,0.00042014,0.0002361545,0.0001858475,0.0006816465,0.000494907,6.65713054717794e-06,0.0002081955,0.0022355261842105373,0.0004822405,3.73328272092317e-06,0.012416881092248866,0.025722011438025494
481,5.67570601524993e-05,0.0004228435,0.000239583,0.000189713,0.0006836095,0.0005006615,6.70512710038776e-06,0.000212109,0.0022826324298245645,0.0004854905,3.79792590343152e-06,0.012501218045193913,0.025868978929534464
482,5.72787348206721e-05,0.0004248485,0.0002428865,0.000193452,0.0006846995,0.0005062445,6.75973718224903e-06,0.0002155025,0.002329738675438592,0.0004882645,3.85987245672639e-06,0.01258555499813896,0.02601594642104342
483,5.77646851171985e-05,0.000426283,0.000245983,0.0001971005,0.0006850955,0.0005117605,6.8212623869022e-06,0.0002183275,0.0023732567499999916,0.00049049,3.9188521105375e-06,0.012669891951084006,0.02616291391255239
484,5.82188647274781e-05,0.000427339,0.000248874,0.0002007535,0.000685014,0.0005173275,6.88927186557518e-06,0.0002206505,0.002401226083333324,0.000492227,3.97536592772548e-06,0.012754228904029052,0.026309881404061347
485,5.86455097430105e-05,0.0004280755,0.0002515525,0.000204432,0.0006845485,0.0005230295,6.96495045239121e-06,0.0002224675,0.002429195416666658,0.000493512,4.02985727300334e-06,0.012838565856974099,0.026456848895570317
486,5.90465264049704e-05,0.0004285965,0.000254017,0.000208137,0.0006839085,0.000529144,7.05228349849203e-06,0.000223726,0.002457164749999992,0.000494485,4.08322502277559e-06,0.012922902809919139,0.026643652621595987
487,5.94172550127083e-05,0.0004290415,0.000256264,0.0002118555,0.000683348,0.0005359045,7.15299439896596e-06,0.000224429,0.0024851340833333263,0.0004952815,4.13587610081992e-06,0.013007239762864185,0.026836214605067063
488,5.9760237221124e-05,0.0004295585,0.000258276,0.000215561,0.0006831015,0.0005433595,7.26533821628608e-06,0.0002246875,0.0025131034166666587,0.00049596,4.18793805040996e-06,0.013091576715809232,0.027028776588538153
489,6.00838746116916e-05,0.000430264,0.0002600475,0.000219227,0.0006833955,0.000551572,7.3893580353296e-06,0.0002245945,0.0025379738749999907,0.0004966055,4.24006984512603e-06,0.013173553191820397,0.027221338572009243
490,6.03930386896357e-05,0.0004312385,0.0002616025,0.0002228125,0.0006845085,0.0005606115,7.52671262386902e-06,0.000224228,0.0025519585416666577,0.0004973825,4.29330397813544e-06,0.013254635127916567,0.02741390055548032
491,6.06925303586558e-05,0.0004325495,0.0002630135,0.000226308,0.000686636,0.0005705235,7.67822059457131e-06,0.0002237025,0.0025659432083333256,0.000498489,4.34872153051928e-06,0.013335717064012736,0.02760646253895141
492,6.09886331544762e-05,0.0004342255,0.0002644175,0.000229765,0.000689777,0.0005813175,7.84327875915554e-06,0.000223172,0.0025799278749999936,0.000500129,4.40731855450957e-06,0.013416799000108913,0.027846663492279544
493,6.12855125670715e-05,0.000436297,0.0002658995,0.0002332205,0.000693974,0.000593044,8.02216716932357e-06,0.000222744,0.0025939125416666615,0.000502454,4.47004251442454e-06,0.013497880936205083,0.028136704986055444
494,6.15888873199661e-05,0.000438887,0.000267488,0.000236722,0.0006996285,0.0006059935,8.21990521327014e-06,0.0002225645,0.0026092056222222267,0.0005057245,4.54030367446098e-06,0.013578962872301252,0.028426746479831372
495,6.190031064671e-05,0.000442089,0.0002692085,0.0002403125,0.0007070845,0.0006204,8.44049978457562e-06,0.000222777,0.0026353103333333384,0.000510165,4.6209930154874e-06,0.013660044808397429,0.028709656364961797
496,6.22178763061282e-05,0.0004458095,0.000271059,0.0002439945,0.000716198,0.000636092,8.68207669108143e-06,0.000223427,0.002661415044444452,0.0005156745,4.71164287883389e-06,0.013741126744493598,0.02892651262142512
497,6.25545043772946e-05,0.0004499995,0.00027307,0.000247798,0.00072694,0.0006529615,8.94513140887549e-06,0.000224602,0.0026875197555555654,0.000522184,4.81308229577893e-06,0.013822208680589768,0.02914336887788843
498,6.29246681728325e-05,0.0004547365,0.000275358,0.0002518075,0.000739606,0.000671098,9.23332615252047e-06,0.0002264825,0.002713624466666677,0.0005297455,4.92775280898876e-06,0.013903290616685944,0.029360225134351756
499,6.33291443095171e-05,0.000460055,0.000278003,0.0002560975,0.0007543625,0.000690576,9.54900904782422e-06,0.0002291865,0.0027397291777777905,0.0005383665,5.05696325539022e-06,0.013984372552782114,0.029502503375120587
500,6.37318201073143e-05,0.0004658785,0.0002809765,0.00026070225,0.00077106675,0.0007113975,9.89071520896166e-06,0.0002326875,0.002765833888888904,0.0005479925,5.19929243850592e-06,0.014092163922678883,0.029612150433944114
501,6.4100042360915e-05,0.0004721435,0.000284249,0.000265636,0.0007895935,0.000733506,1.02558380008617e-05,0.000236969,0.0028183028750000463,0.0005585835,5.35326753720012e-06,0.014217387856752695,0.029721797492767633
502,6.44673114939283e-05,0.0004788645,0.0002877855,0.0002708665,0.0008101075,0.000756865,1.06513356311935e-05,0.000242147,0.0028812338750000416,0.0005703965,5.52396902520498e-06,0.014342611790826507,0.02983144455159116
503,6.48662807116634e-05,0.000486055,0.000291552,0.000276365,0.0008328205,0.0007814775,1.10861482119776e-05,0.000248355,0.0029441648750000438,0.00058373,5.71697843911327e-06,0.014467835724900319,0.029941091610414687
504,6.52908782829709e-05,0.0004936145,0.000295526,0.0002820945,0.000857509,0.00080719,1.15602111158983e-05,0.000255513,0.0030127518636364273,0.000598461,5.93058001822047e-06,0.01459305965897413,0.030050738669238207
505,6.57342558599266e-05,0.000501435,0.000299711,0.0002880425,0.0008838765,0.0008336995,1.20721240844464e-05,0.0002635505,0.0030941171969697603,0.0006144735,6.16307622228971e-06,0.014718283593047929,0.030144285591672097
506,6.61928833662807e-05,0.000509473,0.000304182,0.0002942925,0.0009116985,0.000860503,1.26195174493753e-05,0.000272518,0.0031754825303030934,0.0006318405,6.41507136349833e-06,0.014843507527121741,0.0302314209693834
507,6.66629483196837e-05,0.0005176815,0.0003089665,0.0003008905,0.0009407715,0.0008872095,1.3201141749246e-05,0.0002824265,0.0032568478636364265,0.0006506595,6.68709687215305e-06,0.014968731461195553,0.0303185563470947
508,6.7140144027111e-05,0.000526008,0.000313968,0.000307781,0.000970975,0.0009137915,1.38196897888841e-05,0.0002931825,0.0033382131969697595,0.0006710735,6.97948071667173e-06,0.015093955395269365,0.03040569172480601
509,6.76207286077379e-05,0.000534408,0.0003190985,0.0003149125,0.001002196,0.0009402015,1.44775527789746e-05,0.0003047295,0.0034384751666667393,0.000693205,7.29282113574248e-06,0.015219179329343177,0.030494256081165197
510,6.81334015814742e-05,0.0005428405,0.0003241995,0.00032215975,0.00103410825,0.0009663505,1.51727488151659e-05,0.000316999,0.003550352500000055,0.000716793,7.62805648344974e-06,0.015324354815202668,0.0307030086655897
511,6.87086981078791e-05,0.000551281,0.000329131,0.0003294155,0.001066471,0.0009922475,1.59053425247738e-05,0.000329943,0.0036622298333333775,0.000741618,7.98682052839356e-06,0.015424091397356114,0.030911761250014214
512,6.93164360350184e-05,0.000559733,0.000333931,0.000336727,0.001099259,0.0010179945,1.6674213700991e-05,0.000343541,0.003774107166666721,0.000767597,8.36683874886122e-06,0.015523827979509554,0.031120513834438715
513,6.99252329850325e-05,0.000568188,0.0003386335,0.000344132,0.0011323665,0.0010436125,1.74763464024128e-05,0.00035775,0.003885984500000078,0.0007945985,8.76525964166414e-06,0.015623564561662993,0.031329266418863216
514,7.0540031064671e-05,0.000576694,0.0003432805,0.0003518465,0.00116571,0.001069124,1.83124515295131e-05,0.000372211,0.003997861833333428,0.000822527,9.18481627695111e-06,0.01572330114381644,0.03153801900328773
515,7.11669726066083e-05,0.000585316,0.000347894,0.000360083,0.00119929,0.0010947125,1.9185092632486e-05,0.0003865305,0.004115362371794953,0.0008512925,9.62890980868509e-06,0.01582303772596988,0.031732082373662124
516,7.18093758825191e-05,0.0005941105,0.000352403,0.000368804,0.001233445,0.0011208955,2.01037483843171e-05,0.000400692,0.004235845653846201,0.000881004,1.01010324931673e-05,0.015922774308123326,0.03192464435713323
517,7.24678763061282e-05,0.0006030865,0.000356748,0.0003779665,0.00126833,0.001147965,2.10722964239552e-05,0.0004146055,0.004356328935897456,0.000911631,1.06025204980261e-05,0.016022510890276766,0.03211720634060433
518,7.31338604913866e-05,0.000612074,0.0003608965,0.0003874705,0.00130336,0.001175395,2.20680956484274e-05,0.0004278915,0.0044609714861111385,0.0009425215,1.11241117522016e-05,0.016122247472430205,0.032309768324075464
519,7.380062129342e-05,0.0006209365,0.000364837,0.000397245,0.00133805,0.001202745,2.30709392503231e-05,0.00044022,0.004563525708333363,0.0009731085,1.16576677801397e-05,0.016221984054583652,0.03250233030754651
520,7.44712651793279e-05,0.000629728,0.000368731,0.0004074625,0.00137272,0.001230135,2.40883455407152e-05,0.000451615,0.004656942222222245,0.0010036885,1.22058001822047e-05,0.016325452917424654,0.03269489229101756
521,7.51491810223101e-05,0.000638501,0.0003727315,0.000418295,0.00140769,0.001257715,2.51284144765187e-05,0.000462096,0.0047315271111111265,0.0010345625,1.27712723959915e-05,0.0164615229964353,0.03288745427448861
522,7.58417819824908e-05,0.0006472245,0.000376856,0.000429582,0.001442975,0.00128535,2.61830676432572e-05,0.000471322,0.004806112000000008,0.0010654555,1.33503492256301e-05,0.016597593075445935,0.03308001625795966
523,7.65561988138944e-05,0.0006558645,0.000381122,0.000441149,0.00147858,0.001312865,2.72427186557518e-05,0.0004789375,0.004877447925925926,0.0010960655,1.39387488612208e-05,0.016733663154456582,0.03325932666162716
524,7.72880542219712e-05,0.0006643655,0.000385488,0.0004527935,0.00151456,0.00134017,2.83071305471779e-05,0.0004852355,0.004927171185185188,0.001126501,1.45353477072578e-05,0.01686973323346723,0.03343572032989969
525,7.80357243716464e-05,0.000672677,0.000389913,0.000464291,0.001550855,0.001367125,2.93751400258509e-05,0.000490499,0.004976894444444449,0.001156765,1.51377163680534e-05,0.017005803312477877,0.033612113998172224
526,7.88150946060435e-05,0.000680828,0.000394408,0.000475594,0.001586825,0.001393505,3.04400689358035e-05,0.000494465,0.005026617703703714,0.00118625,1.57398724567264e-05,0.017141873391488524,0.033788507666444756
527,7.96414854560859e-05,0.0006888745,0.0003989875,0.0004866805,0.001622015,0.00141922,3.15001292546316e-05,0.0004969805,0.005066608199999996,0.00121453,1.63383540844215e-05,0.01727794347049917,0.03396490133471729
528,8.05256989550975e-05,0.000696984,0.0004036775,0.000497652,0.001656935,0.001444775,3.25788237828522e-05,0.000498342,0.005083389799999996,0.00124215,1.69435469177042e-05,0.017414013549509805,0.03424490259297938
529,8.14713357808529e-05,0.000705298,0.000408506,0.0005085775,0.00169188,0.00147054,3.36851572598018e-05,0.0004988025,0.005100171399999994,0.001269345,1.75565745520802e-05,0.017550083628520452,0.03456761727441984
530,8.24644874329286e-05,0.0007138205,0.0004134935,0.0005193965,0.001726425,0.00149629,3.4787052994399e-05,0.000498369,0.0051169529999999935,0.001295435,1.8155906468266e-05,0.0176861537075311,0.034890331955860276
531,8.34949166902005e-05,0.0007225505,0.000418653,0.000530058,0.00176025,0.00152179,3.58614174924602e-05,0.0004970425,0.005132938147058813,0.00131994,1.87264804129973e-05,0.017879297772416522,0.03521304663730074
532,8.45555634001695e-05,0.0007315195,0.000423975,0.0005407375,0.00179325,0.00154711,3.69122145626885e-05,0.000495072,0.00512635712745097,0.00134299,1.92699665958093e-05,0.018081571439220984,0.03571356351314228
533,8.56488280146851e-05,0.0007408375,0.000429531,0.0005517995,0.001825305,0.001572455,3.79425247738044e-05,0.000492712,0.005119776107843126,0.001364565,1.97831460674157e-05,0.01828384510602546,0.0362342339042038
534,8.6789607455521e-05,0.00075064,0.0004354645,0.0005635575,0.00185629,0.001597935,3.89457776820336e-05,0.000489966,0.005113195088235283,0.001384285,2.02545095657455e-05,0.018486118772829935,0.036686016154868634
535,8.79823496187518e-05,0.0007609905,0.0004418455,0.0005761845,0.00188622,0.00162363,3.99176647996553e-05,0.0004868825,0.00510661406862744,0.001402025,2.06782265411479e-05,0.018688392439634396,0.037025101393953846
536,8.92136402146286e-05,0.000771874,0.000448686,0.0005897685,0.00191563,0.001649715,4.0857949159844897e-05,0.000483688,0.005100033049019597,0.00141819,2.10558457333738e-05,0.018890666106438872,0.03736418663303909
537,9.0469923750353e-05,0.0007833115,0.000456038,0.0006041415,0.001944505,0.001676045,4.17541146057734e-05,0.000480652,0.0050934520294117535,0.001432785,2.1378560583055e-05,0.019092939773243348,0.0377032718721243
538,9.17494351878001e-05,0.0007953575,0.000463965,0.0006190975,0.00197234,0.00170233,4.25898104265403e-05,0.000477862,0.00508687100980391,0.00144541,2.16334649255998e-05,0.01929521344004781,0.03783231850117093
539,9.30587404687941e-05,0.0008080395,0.000472491,0.000634687,0.00199923,0.00172862,4.33716501507971e-05,0.000475309,0.0050722338499999825,0.001456225,2.18252049802612e-05,0.019490647408942338,0.03796034047919292
540,9.44193024569331e-05,0.0008213815,0.0004816365,0.000651027,0.002025515,0.001754975,4.41266479965532e-05,0.0004729895,0.005055452249999981,0.00146572,2.19693896143334e-05,0.019673505731949342,0.03808836245721489
541,9.58759531205874e-05,0.0008354075,0.0004914595,0.0006683885,0.00205145,0.00178115,4.48711762171478e-05,0.000470964,0.005038670649999978,0.00147398,2.2064895232311e-05,0.01985636405495636,0.03821638443523688
542,9.74617339734538e-05,0.0008501485,0.0005020265,0.0006870055,0.00207707,0.001806885,4.56038991813873e-05,0.000469287,0.0050218890499999745,0.00148078,2.21013058001822e-05,0.020039222377963364,0.038344406413258855
543,9.91756565941825e-05,0.0008655675,0.0005133,0.0007067995,0.002102385,0.00183208,4.63259370960793e-05,0.000467954,0.005009307868421035,0.00148624,2.2083540844215e-05,0.02022208070097037,0.038472428391280844
544,0.000100993645862751,0.000881583,0.000525193,0.0007272975,0.002127295,0.001856515,4.70305902628178e-05,0.000466986,0.0050004754473684035,0.0014905,2.20184026723353e-05,0.020404939023977373,0.038638693943910035
545,0.000102880401016662,0.0008981875,0.000537701,0.0007478745,0.00215155,0.001879965,4.76996984058596e-05,0.000466429,0.004991643026315772,0.001493455,2.19059823868813e-05,0.020587797346984377,0.03883125592738114
546,0.000104821236938718,0.000915414,0.0005508695,0.0007682355,0.002174985,0.00190231,4.83222748815166e-05,0.000466304,0.004982810605263141,0.001494985,2.17449741876708e-05,0.02077065566999138,0.03902381791085223
547,0.000106821025134143,0.000933266,0.000564703,0.0007885965,0.002198025,0.00192379,4.89077983627747e-05,0.000466517,0.004973978184210509,0.001495395,2.15456119040389e-05,0.020953513992998385,0.03921637989432332
548,0.000108913795537984,0.0009516855,0.000579196,0.000808999,0.002221195,0.00194477,4.94607927617406e-05,0.00046696,0.004965145763157877,0.001494965,2.13095657455208e-05,0.02121149620151938,0.039438696436960796
549,0.000111146145156735,0.000970609,0.0005943755,0.0008291485,0.002244595,0.001965385,4.99726411029729e-05,0.0004676105,0.0049563133421052456,0.00149364,2.10260552687519e-05,0.02148427668932429,0.03971984274163656
550,0.000113536006777746,0.0009900455,0.0006102775,0.0008488965,0.00226828,0.001985835,5.0441189142611e-05,0.0004684485,0.004947480921052614,0.001491455,2.06963255390222e-05,0.02175705717712917,0.0400009890463123
551,0.000116056551821519,0.00101001,0.0006268765,0.0008679965,0.00229217,0.00200651,5.08666523050409e-05,0.0004694005,0.004943428713333326,0.001488645,2.03358032189493e-05,0.022029837664934077,0.04028213535098804
552,0.000118610844394239,0.00103017,0.0006437515,0.000886056,0.00231537,0.002026855,5.12345971563981e-05,0.000470393,0.004945666259999994,0.001485395,1.996210142727e-05,0.022302618152738984,0.04056328165566378
553,0.000121128353572437,0.001050196,0.0006605165,0.000902825,0.00233707,0.00204608,5.15301594140457e-05,0.0004714125,0.004947903806666662,0.0014817,1.95814454904343e-05,0.022575398640543864,0.04099243470076119
554,0.000123622423044338,0.001070063,0.0006771455,0.0009184585,0.00235736,0.00206422,5.17608789314951e-05,0.0004724335,0.004950141353333331,0.00147765,1.91961129668995e-05,0.022848179128348772,0.0414941093419095
555,0.000126211875176504,0.001090676,0.000694962,0.0009335055,0.002377775,0.002082,5.1941619991383e-05,0.000473387,0.0049523788999999985,0.001473035,1.87942301852414e-05,0.02310286277816692,0.041995783983057755
556,0.00012904737362327,0.00111347,0.0007161285,0.000948331,0.00240038,0.00210038,5.20775527789746e-05,0.0004742205,0.0049556878981481525,0.00146739,1.83569389614333e-05,0.023346629125159057,0.04232864638555871
557,0.000132108161536289,0.001138235,0.000740704,0.0009631395,0.002425225,0.00211911,5.21609220163723e-05,0.000474903,0.004968118712962967,0.001460505,1.78876708168843e-05,0.02359039547215122,0.042599127314248544
558,0.000135247670149675,0.00116377,0.000767314,0.0009784255,0.00245124,0.00213718,5.2186126669539e-05,0.0004754135,0.0049805495277777815,0.00145233,1.74084421500152e-05,0.023834161819143385,0.04286960824293838
559,0.000138373623270263,0.001189625,0.0007954095,0.000994614,0.00247792,0.002154045,5.21563981042654e-05,0.000475759,0.004992980342592596,0.00144289,1.69364409353173e-05,0.02407792816613552,0.04314008917162822
560,0.000141466252471053,0.001215825,0.000825114,0.0010118345,0.00250522,0.00216953,5.20730288668677e-05,0.0004759455,0.00500541115740741,0.00143221,1.6474855754631e-05,0.024321694513127684,0.0434921455217496
561,0.000144528593617622,0.001242025,0.0008563745,0.00102908,0.00253303,0.002183365,5.1920292977165e-05,0.000476027,0.005017841972222225,0.00142025,1.6014606741573e-05,0.02456546086011982,0.04392993257811703
562,0.000147640214628636,0.001268165,0.0008894955,0.001045339,0.002562025,0.00219614,5.16956053425248e-05,0.000476078,0.005032714942307694,0.001406975,1.55414211964774e-05,0.024809227207111983,0.04436771963448449
563,0.000150874188082463,0.001294525,0.0009249875,0.0010606105,0.002592995,0.0022086,5.14121068504955e-05,0.0004761185,0.005052078326923077,0.001392415,1.50507743698755e-05,0.025056336880452557,0.044785026004669756
564,0.000154212722394804,0.00132094,0.0009627765,0.0010748675,0.00262571,0.00222058,5.10717363205515e-05,0.000476234,0.0050714417115384595,0.00137658,1.45455815365928e-05,0.025306141948678695,0.04504840204084161
565,0.000157492586839876,0.001345905,0.0010007735,0.00108798,0.002657965,0.002230935,5.06800947867299e-05,0.0004767335,0.00509080509615384,0.00135981,1.40465532948679e-05,0.025555947016904806,0.045311778077013434
566,0.000160523157300198,0.001367535,0.0010362355,0.00109977,0.002687165,0.002238385,5.02434295562258e-05,0.000477855,0.005110168480769223,0.00134264,1.35778924992408e-05,0.025805752085130945,0.04557515411318529
567,0.000163323213781418,0.001385975,0.00106912,0.00110997,0.002713235,0.00224315,4.97699267557088e-05,0.0004796425,0.005129531865384606,0.001325315,1.31370179167932e-05,0.026055557153357056,0.04583853014935711
568,0.000165985597288901,0.001402195,0.0010998735,0.001117905,0.00273676,0.00224582,4.92701421800948e-05,0.000482221,0.005164627999999994,0.00130793,1.27105982386881e-05,0.026305362221583195,0.04612588777177962
569,0.000168523722112398,0.001416335,0.0011276625,0.00112294,0.002757565,0.00224635,4.87477380439466e-05,0.000485731,0.00520335476923077,0.001290505,1.22928332827209e-05,0.026555167289809306,0.04644265514338081
570,0.000170911465687659,0.001428185,0.001151865,0.00112484,0.00277535,0.002244455,4.82012063765618e-05,0.000490229,0.005242081538461542,0.001273035,1.18830549650774e-05,0.026791716997411633,0.046759422514981996
571,0.000173112821236939,0.001437965,0.001172455,0.001124545,0.002790035,0.002239945,4.76428263679449e-05,0.000495687,0.0052808083076923175,0.00125557,1.14887336774977e-05,0.027001942561321407,0.047076189886583186
572,0.000175108020333239,0.00144582,0.001189115,0.00112311,0.00280129,0.00223216,4.70827229642396e-05,0.000502329,0.005319535076923093,0.0012379,1.11116914667476e-05,0.02721216812523118,0.047392957258184376
573,0.000176894944930811,0.00145158,0.00120133,0.001120595,0.00280872,0.00222051,4.65172339508832e-05,0.000510455,0.00536295600000003,0.001219775,1.07457637412694e-05,0.027422393689140956,0.047681532032737534
574,0.000178487715334651,0.001455365,0.00120914,0.00111701,0.00281254,0.00220524,4.59461654459285e-05,0.000520054,0.0054188946666666946,0.00120124,1.03892802915275e-05,0.02763261925305073,0.047962678337413245
575,0.000179939988703756,0.001457705,0.001213255,0.00111222,0.00281353,0.00218685,4.53719302024989e-05,0.000530943,0.005474833333333366,0.00118244,1.00402064986335e-05,0.0277379636126526,0.048243824642088956
576,0.000181256001129624,0.001459005,0.00121422,0.001105885,0.00281206,0.00216554,4.48029728565274e-05,0.0005430675,0.005530772000000031,0.001163555,9.7000607348922e-06,0.027788331100763283,0.048524970946764695
577,0.00018240398192601,0.001459275,0.00121197,0.00109782,0.002807975,0.002141265,4.42453037483843e-05,0.000556558,0.005586710666666696,0.001144655,9.37078651685393e-06,0.027838698588873962,0.04877695940243831
578,0.00018340228748941,0.00145873,0.00120737,0.00108837,0.002801655,0.0021144,4.36996984058596e-05,0.000571441,0.005640131115384642,0.001125765,9.05244457941087e-06,0.027889066076984645,0.048827999928177615
579,0.000184291866704321,0.00145771,0.00120186,0.001078095,0.00279356,0.00208521,4.31680741059888e-05,0.000587774,0.0056917668076923306,0.00110696,8.74476161554813e-06,0.027939433565095328,0.04887904045391693
580,0.000185084015814742,0.001456305,0.001196,0.00106727,0.00278366,0.002053485,4.26504308487721e-05,0.0006057245,0.005743402500000019,0.0010882885,8.44664439720619e-06,0.027989801053206007,0.048930080979656246
581,0.000185754730302175,0.00145446,0.00118981,0.001055923,0.002771775,0.002019055,4.21444420508402e-05,0.0006254495,0.005795038192307707,0.0010697525,8.15730337078652e-06,0.02804016854131669,0.04898112150539556
582,0.000186280711663372,0.001452305,0.00118362,0.0010441205,0.00275821,0.001982655,4.16537268418785e-05,0.0006468435,0.005846673884615395,0.0010516175,7.88199210446401e-06,0.02809053602942737,0.04903216203113487
583,0.000186654899745835,0.00145023,0.001177705,0.001033111,0.002743615,0.0019451,4.1185911245153e-05,0.00066969,0.005896710343137251,0.001034309,7.62632857576678e-06,0.028107675853005717,0.04908320255687418
584,0.000186878000564812,0.00144846,0.001172005,0.001024072,0.00272827,0.00190651,4.07430417923309e-05,0.00069401,0.00591316289215686,0.0010179645,7.38967506832675e-06,0.028094042149085292,0.049148865263760805
585,0.000186967664501553,0.00144698,0.001166505,0.001017167,0.00271228,0.001867085,4.03200344679018e-05,0.000719908,0.005929615441176468,0.0010025065,7.16893410264197e-06,0.028080408445164864,0.04922070493488108
586,0.000186973312623553,0.00144576,0.001161195,0.001012727,0.00269591,0.001827135,3.99063765618268e-05,0.00074747,0.005946067990196077,0.0009877985,6.95873975098694e-06,0.028066774741244437,0.04929254460600136
587,0.000186954250211805,0.00144476,0.001156335,0.001010577,0.002679325,0.0017867,3.94955838000862e-05,0.000776922,0.005962520539215685,0.000973767,6.75424233221986e-06,0.02805314103732401,0.049267897773383584
588,0.000186940129906806,0.001443965,0.001152175,0.001010352,0.002662535,0.001745695,3.90872899612236e-05,0.000808553,0.005978973088235294,0.000960402,6.55352869723656e-06,0.02803950733340358,0.048995260509657246
589,0.000186918243434058,0.00144336,0.00114859,0.001011927,0.002645625,0.001704415,3.86806979750108e-05,0.0008425335,0.005995425637254902,0.000947644,6.35702702702703e-06,0.027972568974448844,0.04872262324593091
590,0.000186834933634567,0.001442815,0.00114561,0.001014757,0.002628465,0.001663065,3.82737397673417e-05,0.000878894,0.0060118781862745115,0.000935377,6.16569996963255e-06,0.027853812603398906,0.04844998598220457
591,0.000186590652358091,0.001442025,0.00114389,0.001017569,0.002610405,0.001621285,3.78642395519173e-05,0.0009173995,0.006009772259999986,0.0009234075,5.98068630428181e-06,0.027735056232348954,0.04817664839807803
592,0.000186129624399887,0.0014408,0.00114394,0.0010195455,0.002591025,0.001578845,3.74515079707023e-05,0.0009579375,0.006003059619999986,0.0009116125,5.80246583662314e-06,0.027616299861299015,0.04790212704314431
593,0.000185454673820955,0.001438915,0.001145845,0.001019567,0.00257011,0.001535875,3.70329814735028e-05,0.0010008085,0.005996346979999987,0.0008998205,5.62981172183419e-06,0.027497543490249063,0.04762760568821059
594,0.000184536147980796,0.001435805,0.00114933,0.001016583,0.002547255,0.001492395,3.66040499784576e-05,0.0010450975,0.005989634339999988,0.0008877885,5.46194959003948e-06,0.02737878711919911,0.04735308433327687
595,0.000183327449872917,0.001430925,0.001153805,0.0010107445,0.0025222,0.001448385,3.6161805256355e-05,0.0010888085,0.005982921699999988,0.0008754025,5.29926207105983e-06,0.027260030748149172,0.04707856297834315
596,0.000181813753177069,0.00142408,0.001159,0.0010021655,0.00249489,0.001403925,3.57056656613529e-05,0.0011309595,0.005952854666666646,0.0008626335,5.14193136957182e-06,0.027144133928810085,0.04688259490501141
597,0.000179973877435753,0.001415325,0.00116463,0.000991251,0.00246539,0.001359285,3.52367944851357e-05,0.0011712305,0.005896915999999974,0.000849491,4.9915214090495e-06,0.027030104565025415,0.04674023237955319
598,0.000177777463993222,0.001404425,0.001169975,0.000978751,0.002433985,0.001315055,3.4756204222318e-05,0.001208567,0.005840977333333296,0.0008358955,4.84986941998178e-06,0.02691607520124073,0.04659786985409496
599,0.000175216040666478,0.001390955,0.001174275,0.0009653185,0.0024011,0.001271845,3.42644980611805e-05,0.001241465,0.005785038666666624,0.000821729,4.71744306103857e-06,0.026802045837456046,0.04645550732863672
600,0.000172404334933635,0.00137512,0.0011771425,0.00095170275,0.002367665,0.0012306225,3.37718655751831e-05,0.0012692475,0.005721154166666596,0.00080707375,4.59390525356818e-06,0.026688016473671375,0.046313144803178496
601,0.000169543914148546,0.001357535,0.00117801,0.0009392625,0.00233504,0.00119265,3.32917923308919e-05,0.001292015,0.005646569277777708,0.000792169,4.47776191922259e-06,0.02657398710988669,0.046192883086286426
602,0.00016670079073708,0.001338365,0.00117591,0.00092882,0.002303985,0.00115854,3.28241275312365e-05,0.001309245,0.005571984388888812,0.0007771445,4.36730033404191e-06,0.026462522582803454,0.04610409702205126
603,0.000163833662807117,0.001317435,0.001170035,0.000920272,0.002274685,0.001128335,3.23613959500216e-05,0.001319785,0.0054973994999999165,0.000762011,4.26129668994838e-06,0.02636742054198713,0.04601531095781609
604,0.000160953120587405,0.00129505,0.00116047,0.000913456,0.002247335,0.00110192,3.1902068074106e-05,0.00132417,0.00543383283333327,0.0007468545,4.15876708168843e-06,0.026272318501170816,0.045926524893580914
605,0.000158113527252189,0.001271845,0.001147905,0.0009081975,0.002222195,0.00107915,3.14495906936665e-05,0.001324225,0.005377894166666605,0.000731816,4.05897054357728e-06,0.0261772164603545,0.04583773882934574
606,0.000155336063258966,0.001247995,0.00113269,0.000903782,0.002199095,0.001059788,3.10072598018096e-05,0.001320315,0.0053219554999999405,0.0007169065,3.96236866079563e-06,0.02608211441953818,0.04574895276511057
607,0.000152619810787913,0.00122335,0.001114945,0.000898972,0.002177525,0.00104354,3.05789961223611e-05,0.00131165,0.005266016833333269,0.000702045,3.87042818098998e-06,0.025987012378721863,0.045660166700875394
608,0.000149973665631178,0.001198155,0.001095234,0.0008928335,0.00215699,0.0010297975,3.01663937957777e-05,0.001298595,0.005210078166666604,0.0006872875,3.783167324628e-06,0.025891910337905548,0.045655737704918
609,0.000147412877718159,0.001172925,0.0010743975,0.0008848285,0.002137095,0.0010178025,2.9768935803533e-05,0.00128242,0.005144032399999943,0.000672785,3.69944427573641e-06,0.025826567871005044,0.045655737704918
610,0.000144911395086134,0.001148055,0.001052181,0.00087463675,0.002117525,0.0010069875,2.93819258940112e-05,0.0012633625,0.0050769059999999505,0.00065865625,3.61930154873975e-06,0.025855250677734618,0.045655737704918
611,0.000142458415701779,0.00112393,0.0010278715,0.0008621725,0.002098275,0.000997173,2.90027574321413e-05,0.001241095,0.005009779599999958,0.000645026,3.543540844215e-06,0.025883933484464196,0.045655737704918
612,0.000140091075967241,0.00110084,0.0010019315,0.000847535,0.002079315,0.0009881815,2.86365359758725e-05,0.001216125,0.004942653199999966,0.000631941,3.47292742180383e-06,0.025912616291193773,0.045655737704918
613,0.000137847500706015,0.001078982,0.0009753385,0.0008308655,0.0020604,0.0009796375,2.82897673416631e-05,0.00118938,0.004879947128205095,0.000619385,3.40824779836016e-06,0.02594129909792335,0.04561986146830961
614,0.000135754165489975,0.001058533,0.0009493345,0.0008127755,0.002041555,0.0009714275,2.79672554933218e-05,0.0011617,0.004819705487179457,0.000607459,3.35042514424537e-06,0.02596998190465293,0.0455750106502153
615,0.000133820248517368,0.001039659,0.000925559,0.0007942985,0.00202294,0.000963523,2.76720379146919e-05,0.00113395,0.004759463846153819,0.000596361,3.30064075311266e-06,0.025998664711382503,0.04553015983212098
616,0.00013204582038972,0.0010225055,0.0009047455,0.0007765525,0.00200485,0.000955928,2.74028866867729e-05,0.0011069515,0.004699222205128181,0.0005862105,3.25855147282114e-06,0.02602734751811208,0.045485309014026656
617,0.000130422620728608,0.001007197,0.0008867795,0.0007607295,0.00198771,0.0009486835,2.71545454545455e-05,0.001081471,0.004638980564102536,0.000577052,3.22236562405102e-06,0.026056030324841658,0.04544045819593234
618,0.000128945566224231,0.0009937905,0.0008712885,0.000747391,0.0019718,0.000941814,2.69244075829384e-05,0.001057805,0.00457989412499998,0.0005689075,3.19179775280899e-06,0.026052840321692673,0.045395607377838015
619,0.000127615009884214,0.0009823455,0.0008572775,0.0007365795,0.001957355,0.0009353395,2.67126454114606e-05,0.0010358215,0.004530947791666646,0.000561811,3.1688521105375e-06,0.026033757602609953,0.0453507565597437
620,0.000126405888167184,0.000972531,0.00084459,0.0007283885,0.00194434,0.000929191,2.65177725118483e-05,0.0010157035,0.004482001458333315,0.00055567,3.15430914060128e-06,0.026014674883527236,0.045281298093007585
621,0.000125269133013273,0.000963764,0.0008338855,0.0007228195,0.001932375,0.0009231745,2.63360404997846e-05,0.0009977535,0.004433055124999981,0.000550297,3.14722745217127e-06,0.02599559216444452,0.045186196052191256
622,0.000124191753741881,0.000955817,0.000825462,0.0007198285,0.001921375,0.0009171855,2.61663076260233e-05,0.000981977,0.004390340595238081,0.0005456925,3.14796538111145e-06,0.025976509445361798,0.04509109401137493
623,0.000123192600960181,0.000948618,0.000819641,0.0007194095,0.00191152,0.000911233,2.60103188280913e-05,0.000968296,0.0043503844047618895,0.000541982,3.15784391132706e-06,0.02595742672627908,0.04499599197055859
624,0.000122272098277323,0.0009420045,0.000815679,0.0007210305,0.00190281,0.000905332,2.58667384747954e-05,0.0009562075,0.004310428214285698,0.000539103,3.1768630428181e-06,0.025938344007196364,0.04490088992974226
625,0.000121412948319684,0.00093573,0.0008118325,0.0007236635,0.00189507,0.0008995025,2.57312796208531e-05,0.000944825,0.004270472023809507,0.000536813,3.20369875493471e-06,0.025919261288113643,0.044805787888925926
626,0.000120613739056764,0.000929831,0.000807133,0.0007263215,0.00188825,0.000893763,2.55993537268419e-05,0.0009340705,0.004230515833333316,0.000535077,3.23826601882782e-06,0.025893215268636957,0.044710685848109596
627,0.000119885696131036,0.000924562,0.00080137,0.0007281955,0.001882405,0.0008881275,2.54668461869884e-05,0.0009245125,0.004190559642857125,0.000534033,3.28155481324021e-06,0.025783168038065893,0.044537188631040864
628,0.000119230796385202,0.000919976,0.000794741,0.000728934,0.00187747,0.0008825915,2.53319474364498e-05,0.0009163755,0.004152540722222205,0.000533713,3.33345277862132e-06,0.02567312080749483,0.0443102405790928
629,0.000118641979666761,0.0009159235,0.0007881685,0.000728407,0.00187317,0.0008771235,2.51939465747523e-05,0.0009096725,0.004115248277777761,0.0005340385,3.39205587610082e-06,0.025563073576923764,0.04408329252714474
630,0.000118117622140638,0.000912493,0.0007826665,0.000727367,0.00186927,0.0008717435,2.5049181387333e-05,0.000904402,0.00407795583333332,0.000535003,3.45590950501063e-06,0.0254530263463527,0.04385634447519668
631,0.000117662171702909,0.000910004,0.00077885,0.000727251,0.001865695,0.000866514,2.48924601464886e-05,0.0009005345,0.004040663388888876,0.0005366875,3.52488915882174e-06,0.025342979115781636,0.04362086966631762
632,0.000117266026546173,0.000908612,0.0007767035,0.0007286375,0.00186231,0.00086145,2.47209607927617e-05,0.000898012,0.004004879593333319,0.0005390555,3.59838141512299e-06,0.02523293188521057,0.04336119388110993
633,0.000116907865009884,0.0009083695,0.0007757205,0.000731508,0.00185892,0.00085654,2.4533132270573e-05,0.0008967485,0.003973553939999982,0.0005419675,3.67522016398421e-06,0.02512288465463952,0.043101518095902264
634,0.000116576885060717,0.000909343,0.000775375,0.0007351595,0.001855415,0.000851784,2.43190866006032e-05,0.0008966105,0.003942228286666644,0.000545423,3.75576374126936e-06,0.025012837424068457,0.04284184231069457
635,0.000116272239480373,0.0009116015,0.000775202,0.0007384135,0.00185176,0.0008471925,2.40644980611805e-05,0.000897442,0.00391090263333331,0.0005495435,3.84169146674765e-06,0.0249203963451146,0.04263754498200707
636,0.000115985950296526,0.0009150195,0.0007751405,0.000741279,0.0018479,0.000842759,2.37677509694097e-05,0.0008988195,0.0038795769799999727,0.0005543075,3.9333525660492e-06,0.02483028031589244,0.04244811408769816
637,0.000115705450437729,0.000919345,0.0007753965,0.000744569,0.00184378,0.0008384655,2.34350495476088e-05,0.0009001485,0.003848251326666635,0.000559594,4.03015183723049e-06,0.02474016428667028,0.042258683193389254
638,0.000115407017791584,0.000924237,0.0007760235,0.000748051,0.00183937,0.0008343045,2.30703360620422e-05,0.0009014195,0.0038355761333333177,0.000565479,4.13043121773459e-06,0.024650048257448126,0.042359355100934803
639,0.00011505386896357,0.000929205,0.000776968,0.000750672,0.001834675,0.000830275,2.26761309780267e-05,0.000903089,0.003824388399999986,0.0005722235,4.23120558761008e-06,0.024559932228225966,0.042551917084405894
640,0.000114629130189212,0.0009338195,0.000777821,0.000751154,0.001829775,0.0008263615,2.22580137871607e-05,0.0009053995,0.0038132006666666534,0.000579951,4.33108411782569e-06,0.024469816199003805,0.04274447906787697
641,0.000114137037560011,0.00093778,0.0007779455,0.0007481985,0.00182481,0.000822555,2.18235889702714e-05,0.000908375,0.003802012933333321,0.00058865,4.43034618888551e-06,0.024379700169781644,0.04293704105134806
642,0.000113516308952273,0.000940329,0.000776913,0.0007418385,0.00181969,0.000818734,2.13689573459716e-05,0.000911636,0.0037905687413792976,0.000598267,4.52828727604009e-06,0.024289584140559484,0.04310524928173058
643,0.000112679398475007,0.000940577,0.0007744775,0.0007328275,0.00181418,0.0008147185,2.0884984920293e-05,0.000914622,0.0037789952241379177,0.000608733,4.62369268144549e-06,0.024186564255416695,0.0432493729930708
644,0.000111608161536289,0.000938258,0.000770851,0.000722059,0.00180823,0.000810451,2.03802886686773e-05,0.0009172465,0.003767421706896538,0.0006199955,4.71521105375038e-06,0.024077939546791965,0.04339349670441102
645,0.000110312905958769,0.000933353,0.0007665115,0.000710712,0.00180188,0.0008059235,1.98721025420078e-05,0.000919648,0.003755848189655158,0.000631994,4.80115092620711e-06,0.023969314838167236,0.04353762041575124
646,0.000108766873764473,0.0009251905,0.0007614645,0.0006988105,0.0017946,0.0008008845,1.93682464454976e-05,0.000921206,0.003744274672413779,0.0006444735,4.87883085332524e-06,0.02386069012954252,0.04368174412709146
647,0.000106911677492234,0.0009125475,0.000755349,0.0006854825,0.00178532,0.000794855,1.88710254200776e-05,0.000920627,0.003732701155172399,0.000656945,4.94429395687823e-06,0.02375206542091779,0.0434862867551386
648,0.000104749929398475,0.0008952715,0.0007480405,0.000670918,0.001773565,0.00078763,1.83810426540284e-05,0.000917141,0.0037107648529411535,0.000669033,4.9968934102642e-06,0.02364344071229306,0.04274660421545645
649,0.000102338604913866,0.000874158,0.0007396345,0.0006562645,0.00175941,0.0007792585,1.78974364498061e-05,0.0009104325,0.0036778597549019347,0.0006804845,5.0394412389918e-06,0.023471113355605477,0.04168624984114866
650,9.964988703756e-05,0.000848897,0.0007293355,0.0006414665,0.00174184,0.00076937,1.74147134855666e-05,0.0008989315,0.0036449546568627193,0.0006906295,5.07084725174613e-06,0.02326603549507736,0.040624839069607566
651,9.66013837898899e-05,0.000818564,0.000715892,0.0006256355,0.001719185,0.00075733,1.6924644549763e-05,0.000880668,0.0036120495588235005,0.0006985595,5.08686000607349e-06,0.023060957634549267,0.03964892283924104
652,9.32526122564248e-05,0.000783913,0.000699253,0.000608069,0.001691165,0.000743109,1.64324429125377e-05,0.0008559025,0.00352704472222215,0.000703965,5.08661099301549e-06,0.022855879774021176,0.03867393829869614
653,8.97322790172268e-05,0.0007464515,0.000680006,0.000588264,0.001658365,0.0007270465,1.59496337785437e-05,0.000825981,0.0034338136111110307,0.000706927,5.07132705739447e-06,0.022650801913493057,0.03775661546405018
654,8.60885343123412e-05,0.000706703,0.000658171,0.0005662685,0.001620815,0.0007092685,1.54781990521327e-05,0.0007915505,0.0033397652142856254,0.0007071485,5.03964166413605e-06,0.022452992136478583,0.03649034047919231
655,8.23374752894663e-05,0.0006648435,0.0006336435,0.000542331,0.00157842,0.000689827,1.5016760017234e-05,0.0007529815,0.0032438703571427835,0.0007042405,4.98954145156392e-06,0.022263561242169633,0.035618828015513304
656,7.85362185823214e-05,0.000621947,0.0006068945,0.0005171235,0.001532025,0.0006690935,1.4563981042654e-05,0.000711442,0.0031479754999999554,0.000698387,4.92275736410568e-06,0.022074130347860668,0.034923997001596874
657,7.47708274498729e-05,0.000579643,0.0005786125,0.0004917025,0.001483055,0.000647678,1.41176432572167e-05,0.0006686755,0.003043885083333281,0.0006901215,4.8432614637109e-06,0.021884699453551718,0.03336337003028701
658,7.10890285230161e-05,0.0005387175,0.0005492715,0.0004664785,0.00143225,0.00062589,1.36765833692374e-05,0.000625576,0.0029226846388888256,0.0006796635,4.75225933798968e-06,0.021695268559242767,0.033404367097735685
659,6.75019062411748e-05,0.000499224,0.00051912,0.000441352,0.001379735,0.0006037705,1.32407582938389e-05,0.0005822895,0.002801484194444384,0.0006669535,4.64883692681446e-06,0.021505837664933816,0.03344536416518436
660,6.40781558881672e-05,0.0004619865,0.0004891875,0.0004169315,0.00132683,0.000581822,1.28158121499354e-05,0.000540426,0.0026552543749999435,0.0006525425,4.53570300637716e-06,0.021409623368336343,0.03348636123263303
661,6.09192318554081e-05,0.000428141,0.0004608945,0.000394139,0.001275565,0.0005608355,1.24109435588109e-05,0.0005021915,0.0025046278611111084,0.0006373645,4.41768296386274e-06,0.021331247587461764,0.0335273583000817
662,5.80661536289184e-05,0.0003979175,0.000434607,0.000373272,0.0012266,0.0005410835,1.20309133993968e-05,0.0004680545,0.002402073638888877,0.000621827,4.29737625265715e-06,0.021252871806587185,0.033568355367530375
663,5.55181445919232e-05,0.0003710625,0.0004100995,0.000354258,0.0011797175,0.0005224845,1.16770142180095e-05,0.000437577,0.0022995194166666455,0.00060598,4.17580018220468e-06,0.021174496025712607,0.0336077419591447
664,5.32617198531488e-05,0.0003474285,0.000387528,0.00033692,0.0011351355,0.0005050275,1.13498707453684e-05,0.000410448,0.0022043737380952125,0.0005901625,4.05540844215002e-06,0.021096120244838028,0.033625117052358725
665,5.12776051962723e-05,0.000326854,0.000367084,0.0003210615,0.001093137,0.000488713,1.10495476087893e-05,0.000386391,0.0021164701190475727,0.000574759,3.9387883389007e-06,0.02101774446396345,0.033642492145572744
666,4.95724232402122e-05,0.000309290069234963,0.000348789621218752,0.000306803126765895,0.00105365644320458,0.000473603347297424,1.07792732607325e-05,0.000365171253823052,0.002028566499999933,0.000559947210698756,3.82873932963954e-06,0.02093936868308887,0.03365986723878678
667,4.81614568192234e-05,0.000294775546539835,0.000332669554775557,0.00029435214014646,0.00101665581800203,0.000459792708387958,1.05431657081478e-05,0.000346630722094381,0.001961026916666622,0.00054586923811651,3.72811643293531e-06,0.020857778703400547,0.0336772423320008
668,4.70238044971601e-05,0.000283001092546653,0.000318476523836736,0.000283721908549508,0.000982027482357432,0.000447236957905109,1.03414618717417e-05,0.000330493531319952,0.001912080583333295,0.000532603558868742,3.63851393933688e-06,0.02077320520067822,0.03351803278688509
669,4.61312226403472e-05,0.000273610435214875,0.000305929295563072,0.000274892811461742,0.000949684875453564,0.000435868975748668,1.01735369733505e-05,0.000316496884184432,0.0018631342499999676,0.000520216139131205,3.56129534558862e-06,0.0206886316979559,0.0330318369602397
670,4.55007961839065e-05,0.000266632446293733,0.000295024245364748,0.000268136811996515,0.000919723126217404,0.000425725694409724,1.0043117854484e-05,0.000304618096044036,0.001818359479166658,0.000508949521134192,3.50044486706518e-06,0.02060405819523358,0.03257161246355936
671,4.51559647570193e-05,0.000262186548412623,0.000285807775373757,0.000263756388530765,0.00089217783256154,0.000416817543045989,9.95393136067222e-06,0.000294873519405805,0.0018061228958333262,0.000499023722292104,3.45985865272387e-06,0.02051948469251126,0.03224874872221989
672,4.50668621624435e-05,0.000259970115545831,0.000278154768590642,0.000261583444669463,0.000866900000753064,0.000409041921920432,9.90341389720092e-06,0.00028694246934318,0.0017938863124999926,0.000490381139482829,3.43930590436113e-06,0.02043491118978894,0.03192588498088039
673,4.52028460017444e-05,0.000259658055389423,0.000271974137152,0.000261438915481619,0.000843875279240097,0.000402347762117584,9.88951890281276e-06,0.000280492801503709,0.0017816497291666608,0.000482998697228212,3.43892023666205e-06,0.020350337687066622,0.031576432786884934
674,4.56107977415291e-05,0.000261400393753761,0.000267486363463077,0.000263667370161833,0.000823684178963714,0.000396895569184108,9.92375013774575e-06,0.00027550945611546,0.0017694131458333272,0.000477291997444661,3.46810647573818e-06,0.020265764184344302,0.031017232786884952
675,4.63470603946466e-05,0.000265436200818321,0.000264903436422168,0.000268702434034808,0.000806803105151498,0.000392828845121008,1.00176975478636e-05,0.000272035396133421,0.0017571765624999937,0.00047364612611589,3.53621479263415e-06,0.020152453287758748,0.030458032786884914
676,4.73895361721884e-05,0.000271451964257271,0.000263935279791056,0.000276400158458288,0.000792957587751937,0.000389951999162864,1.01675912050506e-05,0.000269808049801516,0.0017449399791666619,0.000471905980953605,3.642273441728e-06,0.020030321662831557,0.030122884538906575
677,4.87039836689158e-05,0.000279097174287843,0.000264378851320732,0.000286479595485006,0.00078226893221,0.000388136473805669,1.03701566772113e-05,0.00026867437733439,0.0017828042828282814,0.000472086047433005,3.78549896421365e-06,0.019908190037904366,0.02980886836639987
678,5.02769900786348e-05,0.000288414916365672,0.000266473194364,0.000298783345498515,0.000775606334027464,0.000387547304733808,1.06286038844677e-05,0.00026889391053168,0.0017946700606060574,0.00047468651473165,3.96841797364061e-06,0.019786058412977175,0.029551728439059066
679,5.21073575519033e-05,0.0002995418210868,0.000270438367855242,0.0003133185747388,0.000773525884759628,0.000388302021437148,1.09457765461911e-05,0.000270671182833829,0.0018065358383838334,0.000480110575801932,4.19379092669579e-06,0.019663926788049985,0.02942509800427645
680,5.41607040095885e-05,0.000312308958805553,0.000276163395708198,0.000329867903966528,0.000775682368884408,0.000390207073501229,1.13169138400297e-05,0.000273796176937572,0.0018184016161616095,0.00048820175957034,4.4598838909743e-06,0.019541795163122794,0.029298467569493836
681,5.64193101244209e-05,0.000326841996077896,0.000284031415197405,0.00034833349618305,0.000782223410741212,0.000393158443097668,1.17454627191978e-05,0.000278336929683192,0.0018858593333333507,0.000499145773957396,4.77046858940758e-06,0.019407277762441916,0.029171837134711207
682,5.89292845407768e-05,0.00034389985995376,0.000295135270130846,0.000369200265431083,0.000794105154829884,0.000397324700277928,1.22483343727326e-05,0.000284867584572181,0.0019604442222222462,0.000513790689228786,5.13897063775056e-06,0.01926805994603778,0.029045206699928605
683,6.17209212825569e-05,0.000364102556853915,0.000310337393871205,0.000392917220234648,0.000811895782598388,0.000402781399314048,1.28356325762077e-05,0.000293784299078236,0.002038101500000028,0.00053282166584374,5.57536290517836e-06,0.019128842129633644,0.028918576265146004
684,6.47546145111011e-05,0.000387581026096701,0.000330004267113386,0.00041939872116482,0.000835034099594569,0.000409286002362352,1.35019934742928e-05,0.000305209728236301,0.0021220095000000355,0.000556148155173821,6.07842175131187e-06,0.01898962431322951,0.028791945830363402
685,6.79898399219306e-05,0.000413962541615171,0.000354198937681818,0.000447953809239944,0.00086222102504486,0.000416461420359133,1.42523937732358e-05,0.000319331091087429,0.00220591750000005,0.000582962279377064,6.64957769746732e-06,0.018850406496825373,0.0286653153955808
686,7.14684013579768e-05,0.000443199535453512,0.000383419760950748,0.000478265637595074,0.000892958872946569,0.000424209646895188,1.51161967576039e-05,0.000336533726154805,0.0022898255000000575,0.000612977912103605,7.30629851813582e-06,0.01871118868042125,0.02845314286799755
687,7.52350697013208e-05,0.000475768304480841,0.000418653079407246,0.000510659252104313,0.000927086674046392,0.000432472186560508,1.61138256789952e-05,0.000357157062315564,0.002373733500000065,0.000646451812691656,8.06711499170969e-06,0.018555907786885095,0.028210153296734514
688,7.9259418940036e-05,0.000511936684627896,0.000460915724540466,0.00054571099934914,0.0009635872715744,0.000440908430845237,1.72377197652814e-05,0.000381617679102556,0.0024596544444445145,0.00068308793968057,8.93723568291539e-06,0.018352032786885103,0.027967163725471478
689,8.34791069323353e-05,0.000551657418271013,0.000511385745507136,0.0005841065162801,0.00100158038207052,0.000449228269608118,1.8481223081799e-05,0.000410958091650036,0.0025528855555555924,0.000722378544509536,9.91868974002469e-06,0.018148157786885083,0.027724174154208442
690,8.78731673587191e-05,0.000595098994653327,0.000571897541467118,0.000626430114052423,0.00104088066111113,0.000457344159752912,1.98621095420382e-05,0.000446623887818982,0.0026461166666666702,0.000764288216934676,1.10302634608427e-05,0.017944282786885063,0.027481184582945406
691,9.24131485993959e-05,0.000642456066432773,0.000644889989180797,0.00067308069474443,0.00108090429172861,0.000465060004791418,2.13974208937528e-05,0.00048994620638878,0.0027442636000000187,0.000808757050475512,1.22995562175803e-05,0.017740407786885043,0.027238195011682398
692,9.69043784431041e-05,0.000692109529880571,0.000728487991904725,0.000721714332798882,0.00111952200478458,0.000471745999523914,2.30391172362278e-05,0.000540799946344221,0.0028449532000000693,0.00085439815259138,1.3699526365429e-05,0.01753653278688505,0.026848502585542777
693,0.000101169407111859,0.000742427176046535,0.000820279274020192,0.000769695391366295,0.00115499535928919,0.000476916376612698,2.47382748568667e-05,0.000599219927873389,0.0029187117222222517,0.000899866695741005,1.51985920214376e-05,0.017372343823320036,0.0264419254043346
694,0.000105179913102013,0.000793388677702135,0.000921873692162277,0.000816811904189495,0.00118714646021243,0.000480571589316869,2.64993322698736e-05,0.000667080565293984,0.002968434981481506,0.000945115069375976,1.68152180319165e-05,0.01723250079469585,0.02608951293128936
695,0.00010889980690223,0.00084457065363552,0.00103300122709099,0.00086283079978911,0.00121611936124301,0.000482765630182652,2.8315633212202e-05,0.000745496917035936,0.0030181582407407537,0.00099010966570306,1.85686287682238e-05,0.017092657766071676,0.02587922412262514
696,0.000112257197220091,0.00089468729156268,0.00115094143265124,0.000906985132119119,0.0012415840536882,0.000483418441736068,3.01682630921067e-05,0.000834701225740204,0.003067881500000001,0.00103411732223441,2.04758320681971e-05,0.016952814737447502,0.025668935313960917
697,0.000115197209542151,0.000942686133379391,0.00127422839449232,0.00094849468100152,0.00126296918597759,0.000482443976987098,3.20536245351652e-05,0.000936152397107029,0.003096062722222216,0.00107632700098585,2.25676235494361e-05,0.01681297170882333,0.025458646505296667
698,0.000117750059526097,0.00098819245385244,0.00140261642419249,0.00098705779237401,0.00128023417730571,0.000479962301973008,3.39946619144293e-05,0.00105230153721802,0.00311470894444444,0.00111655544458216,2.48986390661692e-05,0.016673128680199156,0.025327868852459
699,0.000119896957697604,0.00103013772596583,0.00153221593443458,0.0010236659933914,0.00129321335568219,0.000476032466450032,3.59614300648659e-05,0.0011822956376607,0.0031333551666666622,0.00115459832279203,2.74575543288654e-05,0.016533285651574983,0.025327868852459
700,0.000121414190308521,0.00106693118779233,0.00165810686391157,0.00105895749956609,0.00130125540713028,0.000470448661450058,3.78337793323541e-05,0.00132595199829946,0.003152001388888886,0.00118990514724501,3.01875673192907e-05,0.016533285651574983,0.025327868852459
701,0.000122137783224332,0.0010975563125069,0.00177713790517984,0.00109205690584356,0.00130394947312715,0.000463099643650933,3.95248220860957e-05,0.00148417561181481,,0.0012218892469951,3.30558667729741e-05,,
702,0.000122273646790848,0.00112223790234207,0.00188637122053497,0.00112152401660776,0.00130193142604818,0.000454460440105188,4.10828149784212e-05,0.00165217020251399,,0.00125052844489831,3.6074618060825e-05,,
703,0.000122017596253945,0.00114120753339928,0.00198267170563408,0.00114545244504274,0.00129571208637585,0.00044495853888717,4.25522882817387e-05,0.00182386825323432,,0.00127576255051057,3.9258659510735e-05,,
704,0.000121370550211028,0.0011539024473832,0.00206277976165125,0.00116295713047863,0.00128523152180228,0.000434647509509818,4.3910081315825e-05,0.00199632742170375,,0.00129712010155981,4.25949352167135e-05,,
705,0.000120351788046136,0.00116045042315504,0.00212812822270185,0.0011748159748496,0.00127081046276708,0.000423642943411504,4.51444085231993e-05,0.0021668177067774,,0.00131461062363684,4.61016703007204e-05,,
706,0.000118980660459075,0.00116152255586405,0.00218349032035024,0.00118236630181948,0.00125295996930948,0.00041207643046666,4.62417823247069e-05,0.00233157605320314,,0.0013285744197012,4.98063838857539e-05,,
707,0.000117264584866033,0.00115741940615476,0.00223029358020201,0.00118616906423961,0.00123200084619819,0.000400036037062133,4.7182359579437e-05,0.00248745746889332,,0.00133908635304289,5.37263916068181e-05,,
708,0.000115210343777919,0.00114800082549436,0.00226517670782085,0.0011860387978568,0.00120796852964619,0.000387550305593197,4.79300312122765e-05,0.00263107229706678,,0.0013459107097555,5.78329373408216e-05,,
709,0.000112896605178578,0.00113387328585376,0.00228494890167809,0.0011802119169192,0.0011810286710439,0.000374685786759292,4.84779021854059e-05,0.00276108326360064,,0.00134895714856974,6.20974768494608e-05,,
710,0.000110497364318715,0.00111590833893368,0.00228885523180473,0.00116696014801816,0.00115163929210982,0.000361682316028606,4.88706547309503e-05,0.0028750443667706,,0.00134819052653565,6.64938796135077e-05,,
711,0.000108057249945215,0.00109409086800595,0.00227700578902593,0.0011457430158348,0.00111992546672374,0.000348680183519664,4.90925611327709e-05,0.00296890496729792,,0.00134318496437838,7.08309444881568e-05,,
712,0.000105459539692513,0.00106893931079879,0.00225523065356694,0.00111915999147608,0.00108639117930371,0.000335660635728288,4.90580902289408e-05,0.00304524098021481,,0.00133400572479682,7.46813224628757e-05,,
713,0.000102669000426921,0.00104140333022919,0.00222999235472421,0.00109112417377345,0.00105187814452942,0.000322681933168549,4.87446205562854e-05,0.00310886983329912,,0.00132122421383544,7.77998542242796e-05,,
714,9.97224948311355e-05,0.0010118509411595,0.0022023757636111,0.00106261657021636,0.00101666933069667,0.000309801580216408,4.81796646795478e-05,0.0031605914598825,,0.00130506616409994,8.02033826514144e-05,,
715,9.66348540870586e-05,0.000980641084713147,0.00216605128109662,0.00103288795696825,0.000980930528793592,0.000297035070933868,4.73793385436824e-05,0.00319768602226125,,0.0012857874102955,8.18703331036337e-05,,
716,9.34206266943575e-05,0.000948356983204293,0.00211435515393393,0.00100115373454153,0.000944986110955614,0.00028443990124093,4.63589612031903e-05,0.00321942092694722,,0.00126391934594755,8.2761153411512e-05,,
717,9.00993742371656e-05,0.000915388428892023,0.00204784416065637,0.000967552005596715,0.000909096810900528,0.000272072561351533,4.5130491005371e-05,0.00322715235974796,,0.00123984804218065,8.28285800387855e-05,,
718,8.6686068198516e-05,0.00088206302672928,0.00197191833349396,0.00093230999512801,0.00087354029883054,0.00025998853612408,4.3719200693873e-05,0.00322017545324897,,0.00121383429741106,8.20543892663202e-05,,
719,8.31989277535932e-05,0.000848945120056371,0.0018946844577288,0.000895726487152088,0.00083876676736014,0.000248287805828989,4.21735227656735e-05,0.0031987171641986,,0.00118635927596626,8.04877879874107e-05,,
720,7.96973367456199e-05,0.000816505782145391,0.0018199906572532,0.000858283947057507,0.000805140742385224,0.00023706334222443,4.05466073825136e-05,0.00316390596843743,,0.00115786899202702,7.81840608208406e-05,,
721,7.62761935286719e-05,0.000784712841955,0.00174658691890769,0.000821179144425068,0.000772615472075538,0.000226275114693392,3.89008248560792e-05,0.00311689629684114,,0.00112828648938335,7.53054038711379e-05,,
722,7.2990923894841e-05,0.000753407489941611,0.00167154399717982,0.000785627520262495,0.000740960152470564,0.000215832100185598,3.73044046073e-05,0.00305956720853814,,0.00109765202630328,7.22812829481371e-05,,
723,6.88466627282534e-05,0.000710206462063227,0.00156173460210846,0.00073990704817926,0.000697108508340664,0.00020442188003616,3.5196713702247e-05,0.0029073301853528,,0.001032756796482,6.80095800529313e-05,,
724,6.26320934806195e-05,0.000643728785705275,0.00139646201066243,0.000670660673503183,0.000630264516808559,0.000188575445115236,3.19709467390191e-05,0.00262652229338209,,0.000925489033175654,6.14501203569764e-05,,
725,5.51461043113122e-05,0.000565363736462875,0.00121206036098075,0.000588216911052404,0.00055259950293991,0.000168237775754707,2.81275548777104e-05,0.00230668152348713,,0.000810132714829765,5.38825723871487e-05,,
726,4.75633972671955e-05,0.000486851197429637,0.00103538644109772,0.000505853821945447,0.000475281795981836,0.0001463056420483,2.42573215365079e-05,0.00198807229080849,,0.00069630201489512,4.63530418041469e-05,,
727,4.01687360062694e-05,0.000410476361252178,0.000868584796118512,0.000426263738130946,0.000400305050344143,0.000124473732407781,2.04835822934859e-05,0.00167494351682622,,0.000585049857232377,3.90338981909672e-05,,
728,3.30719029244412e-05,0.000337017667196621,0.000709957089423843,0.000350442704469516,0.000328268258562883,0.000103598381515533,1.68506734077064e-05,0.00136973261433076,,0.00047669349700772,3.19833239913935e-05,,
729,2.6255235082869e-05,0.000266280296333777,0.000557063790822381,0.000278165961027925,0.000258925294302792,8.35989964847016e-05,1.33495869514019e-05,0.001073111714542,,0.000371131051807653,2.51867307988131e-05,,
730,1.97220392594163e-05,0.00019821059518855,0.000409789645116227,0.000209265460580947,0.000192213583547552,6.44449837135456e-05,9.98340075227361e-06,0.000785070922095183,,0.000268395766739816,1.86504856374681e-05,,
731,1.34954610829342e-05,0.000133207454528135,0.000269364943879928,0.000143189830253094,0.000128473789608087,4.62526999053432e-05,6.76514527225356e-06,0.000505910946358873,,0.000169132759790861,1.24003911806902e-05,,
732,7.57068851200985e-06,7.14936402012422e-05,0.00013658387889336,7.93405505124839e-05,6.78821072986129e-05,2.90885134484645e-05,3.6933743387696e-06,0.000235502202163543,,7.37697905864355e-05,6.43491830944001e-06,,
733,2.91928398429591e-06,2.52189298331331e-05,4.26666162071519e-05,2.95215386861205e-05,2.31853724790204e-05,1.41572639946396e-05,1.34332789188864e-06,5.87451959063334e-05,,1.55439498609916e-05,2.10656069238249e-06,,
734,7.19286704839526e-07,5.52639065713376e-06,8.10764267642902e-06,6.8114567911388e-06,4.91757584500434e-06,4.82807514750081e-06,3.04383911559926e-07,9.10172705121425e-06,,2.45727224701962e-06,4.24075217661505e-07,,
735,1.5146655674996e-07,1.04744352516749e-06,1.46880353748237e-06,1.30261609424508e-06,9.26339436871124e-07,1.14306440493279e-06,6.02341506415875e-08,1.5881127053697e-06,,4.37429780384696e-07,8.06603963621895e-08,,
736,2.26442078525057e-08,5.65212229696339e-08,4.10402809234424e-08,6.9371075282396e-08,4.941647435872e-08,1.92723804515547e-07,5.8968758499621e-09,2.21631835269322e-08,,1.38309461591901e-08,6.05444627744602e-09,,
737,2.25265211400279e-08,5.6418556525937e-08,4.09863007415473e-08,6.92157251538098e-08,4.9337610654081e-08,1.91519892707308e-07,5.87074516036337e-09,2.2147639534623e-08,,1.38250995213683e-08,6.03490186588281e-09,,
738,2.24098227982881e-08,5.63161899842388e-08,4.09329703211067e-08,6.90609748327179e-08,4.92584472773659e-08,1.90327975041984e-07,5.84476526617176e-09,2.21316457161703e-08,,1.38187531709123e-08,6.01543033590481e-09,,
739,2.22940422293778e-08,5.62136734915727e-08,4.08796898823217e-08,6.89061745277201e-08,4.91794836820557e-08,1.89148551275323e-07,5.81895770958806e-09,2.21157018784007e-08,,1.38125067629833e-08,5.99602561404664e-09,,
740,2.21725432299587e-08,5.60899139421902e-08,4.08100154623806e-08,6.87263322619159e-08,4.90819903626261e-08,1.87929147044923e-07,5.7914914035426e-09,2.20910614018487e-08,,1.38010133723941e-08,5.97467130980546e-09,,
741,2.20320533933633e-08,5.59031249939274e-08,4.06925086035207e-08,6.84718639531857e-08,4.89283584720062e-08,1.86564813626734e-07,5.75870417389659e-09,2.20401310862208e-08,,1.37724298097124e-08,5.94725872385898e-09,,
742,2.18657953204584e-08,5.56328633287427e-08,4.05126246456683e-08,6.81177776247735e-08,4.87006576303065e-08,1.85001577392453e-07,5.71874339138086e-09,2.1953714485918e-08,,1.3721059350911e-08,5.91170769431923e-09,,
743,2.1673698413362e-08,5.52781792571778e-08,4.02699137540423e-08,6.76644231645667e-08,4.83990376736723e-08,1.83237439320638e-07,5.67158751379633e-09,2.18318615816414e-08,,1.36479513925287e-08,5.86808199257433e-09,,
744,2.14556920741961e-08,5.48393726813892e-08,3.9964425910384e-08,6.71110008295775e-08,4.80233987115418e-08,1.81273398925069e-07,5.61725808334583e-09,2.16745223927343e-08,,1.35519565955166e-08,5.81639376555712e-09,,
745,2.12117763029946e-08,5.43173932911904e-08,3.95962610781083e-08,6.64570107806025e-08,4.7573890580126e-08,1.79108956452281e-07,5.55571201563011e-09,2.14824966101517e-08,,1.34336746150486e-08,5.75656709495302e-09,,
746,2.09418099039802e-08,5.37120911358542e-08,3.91647694959072e-08,6.57034027131532e-08,4.70493645366236e-08,1.76741613125778e-07,5.4869062262502e-09,2.12551844657428e-08,,1.32940049338815e-08,5.68859590729958e-09,,
747,2.06455810834719e-08,5.3022866411732e-08,3.86701011088939e-08,6.4849676788146e-08,4.64498205812714e-08,1.74171368948443e-07,5.41088379961071e-09,2.09921861140953e-08,,1.31310986152888e-08,5.61251360665963e-09,,
748,2.03232310373319e-08,5.22499190538213e-08,3.81126057888032e-08,6.38960329419076e-08,4.57766072387285e-08,1.71396724655965e-07,5.32764473571493e-09,2.06944511882335e-08,,1.29455053431899e-08,5.52830197264078e-09,,
749,1.99747597656105e-08,5.13940488011096e-08,3.7492683389042e-08,6.2843220934308e-08,4.50292750011643e-08,1.68416180984314e-07,5.23716749236566e-09,2.03613799200296e-08,,1.273797468656e-08,5.43595796851445e-09,,
750,,,,,,,,,,,,,
